{
  "IcoMoonType": "selection",
  "icons": [
    {
      "icon": {
        "paths": [
          "M838.857 217.143c21.143 21.143 38.857 63.429 38.857 93.714v658.286c0 30.286-24.571 54.857-54.857 54.857h-768c-30.286 0-54.857-24.571-54.857-54.857v-914.286c0-30.286 24.571-54.857 54.857-54.857h512c30.286 0 72.571 17.714 93.714 38.857zM585.143 77.714v214.857h214.857c-3.429-9.714-8.571-19.429-12.571-23.429l-178.857-178.857c-4-4-13.714-9.143-23.429-12.571zM804.571 950.857v-585.143h-237.714c-30.286 0-54.857-24.571-54.857-54.857v-237.714h-438.857v877.714h731.429z"
        ],
        "width": 877.7142857142857,
        "attrs": [],
        "isMulticolor": false,
        "isMulticolor2": false,
        "tags": [
          "file-o"
        ],
        "defaultCode": 61462,
        "grid": 14
      },
      "attrs": [],
      "properties": {
        "name": "file-o",
        "id": 25,
        "order": 9,
        "prevSize": 28,
        "code": 61462
      },
      "setIdx": 0,
      "setId": 2,
      "iconIdx": 25
    },
    {
      "icon": {
        "paths": [
          "M863.429 603.429c0 1.143 0 2.857-0.571 4-48.571 202.286-215.429 343.429-426.286 343.429-111.429 0-219.429-44-300.571-121.143l-73.714 73.714c-6.857 6.857-16 10.857-25.714 10.857-20 0-36.571-16.571-36.571-36.571v-256c0-20 16.571-36.571 36.571-36.571h256c20 0 36.571 16.571 36.571 36.571 0 9.714-4 18.857-10.857 25.714l-78.286 78.286c53.714 50.286 125.143 78.857 198.857 78.857 101.714 0 196-52.571 249.143-139.429 13.714-22.286 20.571-44 30.286-66.857 2.857-8 8.571-13.143 17.143-13.143h109.714c10.286 0 18.286 8.571 18.286 18.286zM877.714 146.286v256c0 20-16.571 36.571-36.571 36.571h-256c-20 0-36.571-16.571-36.571-36.571 0-9.714 4-18.857 10.857-25.714l78.857-78.857c-54.286-50.286-125.714-78.286-199.429-78.286-101.714 0-196 52.571-249.143 139.429-13.714 22.286-20.571 44-30.286 66.857-2.857 8-8.571 13.143-17.143 13.143h-113.714c-10.286 0-18.286-8.571-18.286-18.286v-4c49.143-202.857 217.714-343.429 428.571-343.429 112 0 221.143 44.571 302.286 121.143l74.286-73.714c6.857-6.857 16-10.857 25.714-10.857 20 0 36.571 16.571 36.571 36.571z"
        ],
        "width": 877.7142857142857,
        "attrs": [],
        "isMulticolor": false,
        "isMulticolor2": false,
        "tags": [
          "refresh"
        ],
        "defaultCode": 61473,
        "grid": 14
      },
      "attrs": [],
      "properties": {
        "name": "refresh",
        "id": 34,
        "order": 8,
        "prevSize": 28,
        "code": 61473
      },
      "setIdx": 0,
      "setId": 2,
      "iconIdx": 34
    },
    {
      "icon": {
        "paths": [
          "M694.857 548.571v-73.143c0-20-16.571-36.571-36.571-36.571h-146.286v-146.286c0-20-16.571-36.571-36.571-36.571h-73.143c-20 0-36.571 16.571-36.571 36.571v146.286h-146.286c-20 0-36.571 16.571-36.571 36.571v73.143c0 20 16.571 36.571 36.571 36.571h146.286v146.286c0 20 16.571 36.571 36.571 36.571h73.143c20 0 36.571-16.571 36.571-36.571v-146.286h146.286c20 0 36.571-16.571 36.571-36.571zM877.714 512c0 242.286-196.571 438.857-438.857 438.857s-438.857-196.571-438.857-438.857 196.571-438.857 438.857-438.857 438.857 196.571 438.857 438.857z"
        ],
        "width": 877.7142857142857,
        "attrs": [],
        "isMulticolor": false,
        "isMulticolor2": false,
        "tags": [
          "plus-circle"
        ],
        "defaultCode": 61525,
        "grid": 14
      },
      "attrs": [],
      "properties": {
        "name": "plus-circle",
        "id": 84,
        "order": 6,
        "prevSize": 28,
        "code": 61525
      },
      "setIdx": 0,
      "setId": 2,
      "iconIdx": 84
    },
    {
      "icon": {
        "paths": [
          "M694.857 548.571v-73.143c0-20-16.571-36.571-36.571-36.571h-438.857c-20 0-36.571 16.571-36.571 36.571v73.143c0 20 16.571 36.571 36.571 36.571h438.857c20 0 36.571-16.571 36.571-36.571zM877.714 512c0 242.286-196.571 438.857-438.857 438.857s-438.857-196.571-438.857-438.857 196.571-438.857 438.857-438.857 438.857 196.571 438.857 438.857z"
        ],
        "width": 877.7142857142857,
        "attrs": [],
        "isMulticolor": false,
        "isMulticolor2": false,
        "tags": [
          "minus-circle"
        ],
        "defaultCode": 61526,
        "grid": 14
      },
      "attrs": [],
      "properties": {
        "name": "minus-circle",
        "id": 85,
        "order": 7,
        "prevSize": 28,
        "code": 61526
      },
      "setIdx": 0,
      "setId": 2,
      "iconIdx": 85
    },
    {
      "icon": {
        "paths": [
          "M292.571 786.286v-109.714c0-10.286-8-18.286-18.286-18.286h-182.857c-10.286 0-18.286 8-18.286 18.286v109.714c0 10.286 8 18.286 18.286 18.286h182.857c10.286 0 18.286-8 18.286-18.286zM292.571 566.857v-109.714c0-10.286-8-18.286-18.286-18.286h-182.857c-10.286 0-18.286 8-18.286 18.286v109.714c0 10.286 8 18.286 18.286 18.286h182.857c10.286 0 18.286-8 18.286-18.286zM585.143 786.286v-109.714c0-10.286-8-18.286-18.286-18.286h-182.857c-10.286 0-18.286 8-18.286 18.286v109.714c0 10.286 8 18.286 18.286 18.286h182.857c10.286 0 18.286-8 18.286-18.286zM292.571 347.429v-109.714c0-10.286-8-18.286-18.286-18.286h-182.857c-10.286 0-18.286 8-18.286 18.286v109.714c0 10.286 8 18.286 18.286 18.286h182.857c10.286 0 18.286-8 18.286-18.286zM585.143 566.857v-109.714c0-10.286-8-18.286-18.286-18.286h-182.857c-10.286 0-18.286 8-18.286 18.286v109.714c0 10.286 8 18.286 18.286 18.286h182.857c10.286 0 18.286-8 18.286-18.286zM877.714 786.286v-109.714c0-10.286-8-18.286-18.286-18.286h-182.857c-10.286 0-18.286 8-18.286 18.286v109.714c0 10.286 8 18.286 18.286 18.286h182.857c10.286 0 18.286-8 18.286-18.286zM585.143 347.429v-109.714c0-10.286-8-18.286-18.286-18.286h-182.857c-10.286 0-18.286 8-18.286 18.286v109.714c0 10.286 8 18.286 18.286 18.286h182.857c10.286 0 18.286-8 18.286-18.286zM877.714 566.857v-109.714c0-10.286-8-18.286-18.286-18.286h-182.857c-10.286 0-18.286 8-18.286 18.286v109.714c0 10.286 8 18.286 18.286 18.286h182.857c10.286 0 18.286-8 18.286-18.286zM877.714 347.429v-109.714c0-10.286-8-18.286-18.286-18.286h-182.857c-10.286 0-18.286 8-18.286 18.286v109.714c0 10.286 8 18.286 18.286 18.286h182.857c10.286 0 18.286-8 18.286-18.286zM950.857 164.571v621.714c0 50.286-41.143 91.429-91.429 91.429h-768c-50.286 0-91.429-41.143-91.429-91.429v-621.714c0-50.286 41.143-91.429 91.429-91.429h768c50.286 0 91.429 41.143 91.429 91.429z"
        ],
        "width": 950.8571428571428,
        "attrs": [],
        "isMulticolor": false,
        "isMulticolor2": false,
        "tags": [
          "table"
        ],
        "defaultCode": 61646,
        "grid": 14
      },
      "attrs": [],
      "properties": {
        "name": "table",
        "id": 183,
        "order": 4,
        "prevSize": 28,
        "code": 61646
      },
      "setIdx": 0,
      "setId": 2,
      "iconIdx": 183
    },
    {
      "icon": {
        "paths": [
          "M438.857 438.857c172 0 344.571-30.857 438.857-97.143v97.143c0 80.571-196.571 146.286-438.857 146.286s-438.857-65.714-438.857-146.286v-97.143c94.286 66.286 266.857 97.143 438.857 97.143zM438.857 877.714c172 0 344.571-30.857 438.857-97.143v97.143c0 80.571-196.571 146.286-438.857 146.286s-438.857-65.714-438.857-146.286v-97.143c94.286 66.286 266.857 97.143 438.857 97.143zM438.857 658.286c172 0 344.571-30.857 438.857-97.143v97.143c0 80.571-196.571 146.286-438.857 146.286s-438.857-65.714-438.857-146.286v-97.143c94.286 66.286 266.857 97.143 438.857 97.143zM438.857 0c242.286 0 438.857 65.714 438.857 146.286v73.143c0 80.571-196.571 146.286-438.857 146.286s-438.857-65.714-438.857-146.286v-73.143c0-80.571 196.571-146.286 438.857-146.286z"
        ],
        "width": 877.7142857142857,
        "attrs": [],
        "isMulticolor": false,
        "isMulticolor2": false,
        "tags": [
          "database"
        ],
        "defaultCode": 61888,
        "grid": 14
      },
      "attrs": [],
      "properties": {
        "name": "database",
        "id": 406,
        "order": 5,
        "prevSize": 28,